Emp ID,First Name,Last Name,SSN,State
232,John,Mathews,***-**-9165,ND
533,Nathan,Moore,***-**-7469,ME
256,Amanda,Douglas,***-**-6961,ID
189,Heather,Andrews,***-**-1797,VT
284,Daniel,Hernandez,***-**-7473,CO
512,Danny,Pena,***-**-9878,MN
126,Gary,Knight,***-**-1242,AR
556,Robin,Carroll,***-**-7194,CA
595,Michelle,Dickerson,***-**-2817,TN
191,Kimberly,Gallegos,***-**-7563,OR
55,Morgan,Parker,***-**-4320,TN
623,Mason,Rhodes,***-**-4767,MD
426,Amy,Griffin,***-**-1946,MA
535,Danielle,House,***-**-9308,ME
399,Charles,Greene,***-**-2935,KY
33,Nicholas,Martinez,***-**-1689,LA
302,Tracey,Meadows,***-**-6175,RI
325,Renee,Evans,***-**-2708,MT
188,Joseph,Estrada,***-**-2571,PA
184,Jeremy,Warner,***-**-1184,AL
526,Anthony,Rodriguez,***-**-3865,ID
85,Kristen,Lopez,***-**-8194,VA
171,Mark,Mcdonald,***-**-0101,MT
74,Robert,Freeman,***-**-5211,AR
69,Michael,Reynolds,***-**-8507,CA
365,Kristine,Little,***-**-1771,SD
149,April,Barnes,***-**-3288,RI
218,Pamela,Hodges,***-**-1423,UT
647,Ronald,Gilbert,***-**-4448,WY
518,Thomas,Cooper,***-**-9890,CO
12,Dakota,Harrington,***-**-7188,VA
622,Jennifer,Porter,***-**-5572,WI
159,Beverly,Jordan,***-**-3762,NM
394,Mark,Brown,***-**-8531,CA
158,Amy,Ford,***-**-6461,NC
446,Benjamin,King,***-**-8165,RI
352,Stephen,Bryant,***-**-6488,SD
598,Brandi,Williams,***-**-8500,MD
505,Ashley,Hutchinson,***-**-1510,SC
173,Alisha,Pacheco,***-**-2496,MI
84,Robert,Campbell,***-**-9581,SD
406,Sandra,Sanders,***-**-1673,RI
164,Katherine,Hensley,***-**-7226,CT
267,Stacy,Cox,***-**-0990,AL
503,Frank,Barton,***-**-5568,MA
295,Shannon,Kramer,***-**-7615,SC
590,Brenda,James,***-**-3251,HI
97,Paula,Edwards,***-**-0638,KS
3,Jennifer,Rowe,***-**-9014,NY
20,David,Foster,***-**-6956,MO
179,William,Boyle,***-**-0490,AR
86,Christopher,Greene,***-**-8446,ID
219,Matthew,Fuller,***-**-2989,MS
237,Gabriela,Nguyen,***-**-3729,WA
96,Allison,Diaz,***-**-8927,AR
22,Isaac,Jordan,***-**-0520,TX
439,Cheryl,Bailey,***-**-1224,NC
146,Julie,Castillo,***-**-4523,AK
271,Michael,Adams,***-**-3927,FL
103,Melinda,Parsons,***-**-8751,NE
540,Robert,Campbell,***-**-3694,DE
144,Julie,Nelson,***-**-1332,SD
594,Steven,Nelson,***-**-2085,VT
176,Hailey,Lynn,***-**-9488,CA
198,Dillon,Nguyen,***-**-4552,IL
433,Hannah,Miller,***-**-4657,NY
274,Jeffrey,Harris,***-**-4763,KY
6,Daniel,Welch,***-**-6950,IL
452,Bryan,Jackson,***-**-8117,MD
23,Denise,George,***-**-4879,WI
373,Alicia,Carney,***-**-9437,OH
374,William,Peters,***-**-7516,KY
200,Dustin,Drake,***-**-5454,WV
428,Jessica,Thornton,***-**-2381,KS
116,Rebecca,Wilson,***-**-6629,MI
418,Katherine,Lane,***-**-6820,NH
9,Sarah,Harper,***-**-5891,AK
230,Jermaine,Hill,***-**-5479,NJ
502,Michael,Marshall,***-**-5125,MI
632,Kirsten,Mcbride,***-**-2372,IA
112,Rachael,Holmes,***-**-2067,GA
422,Leon,Foster,***-**-3153,SC
131,David,Mcclain,***-**-5430,OH
404,Emily,Lawrence,***-**-1991,TN
504,Troy,Booth,***-**-5141,TN
194,Stephanie,Ho,***-**-3656,KS
567,Michele,Hendricks,***-**-7341,MS
253,Eric,Harper,***-**-2860,NV
407,Jonathan,Gomez,***-**-4727,SD
82,Kevin,Garcia,***-**-4722,NV
429,Howard,Lawson,***-**-7664,MI
78,Stacy,Robertson,***-**-0248,WY
167,John,Beck,***-**-3635,AR
484,Julia,Morgan,***-**-1731,WI
60,Allen,Leon,***-**-9089,MI
400,James,Rios,***-**-3987,ID
34,Ralph,Wells,***-**-4237,KS
596,Megan,Chavez,***-**-7659,CT
279,Ashley,Patrick,***-**-0763,WY
466,Bonnie,Bowen,***-**-5889,ID
327,Andrew,Lawson,***-**-7313,MT
382,Tonya,Chavez,***-**-5703,MT
369,Michelle,Larson,***-**-3866,FL
347,Mark,Garrett,***-**-4408,WY
25,Chelsea,Rivera,***-**-0140,NH
317,Amanda,Krause,***-**-4744,IL
321,Paige,Spencer,***-**-8621,NY
193,Rhonda,Gonzales,***-**-4110,ID
606,Jasmine,Kelly,***-**-3251,MN
123,Amy,Sherman,***-**-6029,NJ
566,David,Arroyo,***-**-9403,FL
409,Robert,Lin,***-**-0121,AZ
265,Paul,Wilson,***-**-9871,IA
490,Paul,Meyers,***-**-1680,HI
311,Jessica,Elliott,***-**-1632,OH
537,Anthony,Richmond,***-**-8935,AR
147,William,Rivera,***-**-7032,SD
304,Sheri,Villegas,***-**-8629,OR
472,Kelly,Hopkins,***-**-6875,HI
348,Darren,Farrell,***-**-5885,CA
91,Darlene,Harmon,***-**-3052,WV
410,Rachel,Lyons,***-**-0900,ME
344,David,Jacobs,***-**-3682,FL
419,Christina,Weeks,***-**-2028,PA
1,Andrea,Anderson,***-**-5650,CT
532,Jennifer,Smith,***-**-1748,GA
107,Shirley,Andrews,***-**-5306,OH
166,Adrian,Rivera,***-**-5638,MA
391,George,Mckinney,***-**-7748,UT
67,Hailey,Boyd,***-**-0270,NY
447,Tiffany,Harris,***-**-9733,WV
653,Mary,Hunter,***-**-6623,TX
294,Robert,Edwards,***-**-5215,GA
416,Barbara,Lambert,***-**-5353,ID
185,Angela,Armstrong,***-**-2446,NY
637,Brett,Ward,***-**-0204,MN
333,Troy,Sanchez,***-**-2052,OK
579,Garrett,Carter,***-**-7246,CA
215,James,Reeves,***-**-1620,IN
152,Mary,Baker,***-**-0954,MI
301,Alexandra,Bradley,***-**-9390,AL
572,Aaron,James,***-**-4596,OR
165,Thomas,Wood,***-**-8269,TN
639,Charlene,Jackson,***-**-8809,WY
405,Mary,Robbins,***-**-9514,FL
390,Kayla,Washington,***-**-6218,CT
641,Kimberly,Knapp,***-**-1122,CO
51,Nicholas,Brown,***-**-2869,SC
421,Rebecca,Marshall,***-**-1020,PA
106,Mark,Smith,***-**-5381,ND
379,Adam,Harrell,***-**-0742,WV
76,Steve,Daniels,***-**-3537,CO
68,Victoria,Potter,***-**-4290,UT
118,Kathy,Preston,***-**-9960,LA
127,Michael,Donaldson,***-**-7624,CA
542,Brian,Bridges,***-**-4546,MN
181,Martha,Gonzalez,***-**-8342,KS
111,Paul,Rogers,***-**-6284,MT
481,Dawn,Galvan,***-**-8058,TN
568,Amber,West,***-**-7363,ND
395,Christopher,Guerrero,***-**-4036,WY
345,Stacy,Brooks,***-**-4661,SC
438,Danielle,Kaiser,***-**-9764,AL
403,Taylor,Boyle,***-**-9756,MD
180,Donna,Howard,***-**-3416,CA
616,Anne,Rios,***-**-6513,HI
56,Theresa,Barnes,***-**-2054,CT
153,Lori,Tate,***-**-9123,NM
551,Alexandria,Baker,***-**-3200,NV
135,Stephen,Hensley,***-**-5372,GA
500,Jennifer,Fischer,***-**-5609,UT
24,Pamela,Robinson,***-**-4275,NM
81,Brendan,Gonzalez,***-**-9993,SC
50,Richard,Turner,***-**-9924,TN
328,Michael,Robinson,***-**-2355,IL
402,Patricia,Sharp,***-**-0306,MD
255,Elizabeth,Avila,***-**-8453,NH
413,Christopher,Martinez,***-**-8774,CT
507,Isaac,Woods,***-**-6227,AK
62,Adriana,Wolf,***-**-1702,OR
150,David,Pearson,***-**-1781,AL
109,Matthew,Kramer,***-**-4860,RI
310,Pamela,Archer,***-**-2625,WV
243,Charles,Stout,***-**-1997,KS
72,Daniel,Boyd,***-**-1220,NY
608,Jimmy,Jones,***-**-2030,MA
19,Rebecca,Hammond,***-**-2706,LA
30,Emily,Diaz,***-**-9174,AK
119,Chad,Wise,***-**-1355,CO
162,Todd,Duran,***-**-1832,KY
199,Brian,Mclaughlin,***-**-2876,PA
187,Katherine,Rogers,***-**-9500,ME
102,Joseph,Adams,***-**-7778,WI
385,David,Lowery,***-**-7963,UT
626,Janice,Young,***-**-4863,WA
528,Anna,Matthews,***-**-4474,TN
31,Katie,Garcia,***-**-8462,AK
43,Maria,Estrada,***-**-8108,LA
169,Ashley,Smith,***-**-8720,TX
204,Amy,Wright,***-**-8641,CA
494,Heather,Scott,***-**-0361,NH
233,John,Anderson,***-**-6681,NY
638,John,Anderson,***-**-7935,UT
57,Kimberly,Harris,***-**-5459,IA
648,Christopher,Smith,***-**-2521,WI
192,Daniel,Singh,***-**-7521,VA
73,Miranda,Nguyen,***-**-2585,ME
477,Gregory,Simpson,***-**-9365,CO
411,Daniel,Brown,***-**-6526,NM
630,Susan,Thompson,***-**-6074,TN
600,Rick,Johns,***-**-7121,NV
634,Sean,Calhoun,***-**-2261,SD
296,Alan,Holden,***-**-6916,PA
154,Robin,Silva,***-**-0453,AK
527,Nicole,Conrad,***-**-6985,SD
635,Deanna,Russell,***-**-9236,MD
229,Joshua,Bailey,***-**-4031,WV
389,Daniel,Patrick,***-**-8777,GA
220,William,Smith,***-**-0654,AR
454,Kristin,Grant,***-**-9693,WV
488,Kimberly,Velasquez,***-**-4229,GA
41,Michael,Dalton,***-**-2101,WI
522,Jason,Shaw,***-**-4765,KY
269,Jonathon,Olson,***-**-7767,SC
35,Andrea,Perry,***-**-8897,CO
10,Anthony,Nguyen,***-**-8472,WI
397,Anthony,Christensen,***-**-8703,OH
45,Paul,Murphy,***-**-9454,NJ
210,Susan,Stewart,***-**-2712,GA
197,Scott,Warren,***-**-3723,OH
354,Jennifer,Avery,***-**-5062,LA
552,Alexander,Vaughan,***-**-8562,MI
414,Laura,Parker,***-**-6879,CO
134,Derek,Harrington,***-**-2836,AR
11,Daniel,Wells,***-**-7268,CA
222,Kelly,Phillips,***-**-1324,MI
442,Lauren,Bennett,***-**-4874,IA
633,Aaron,Wolf,***-**-1149,WY
361,Julia,Wright,***-**-6702,CO
205,Cheryl,Dennis,***-**-0712,TX
18,Donna,Lopez,***-**-5711,DE
459,Matthew,Gibbs,***-**-9698,ID
564,Nancy,Mitchell,***-**-9365,GA
138,Ashley,Bullock,***-**-5394,MS
356,Andrew,Moore,***-**-5178,ID
479,Joseph,Martinez,***-**-9409,NH
100,Yvette,Rodriguez,***-**-8123,OR
451,Carrie,Barber,***-**-3083,LA
432,Ashley,Sherman,***-**-1501,NE
71,Craig,Garcia,***-**-3695,PA
463,Jerome,Brown,***-**-9456,MD
308,Kevin,Beck,***-**-7304,TN
591,Travis,Hansen,***-**-6746,DE
214,Rodney,Cook,***-**-6232,RI
290,Theresa,Brown,***-**-3478,MN
8,Wayne,Mercer,***-**-7254,MA
182,Mary,Lee,***-**-7361,OH
534,Matthew,Martin,***-**-7803,ID
511,Lee,Weber,***-**-9830,CA
32,James,Wilson,***-**-7343,OR
289,Angela,Clark,***-**-3392,MN
643,Allen,Flynn,***-**-7573,NH
234,Darrell,Coleman,***-**-4198,WI
618,Patrick,Wells,***-**-3209,MS
246,Tyler,Beck,***-**-1385,HI
546,Michelle,Jenkins,***-**-8254,NE
455,Scott,Miller,***-**-3580,WY
341,Maria,Mcmillan,***-**-3730,TX
252,Amy,Waller,***-**-8763,MA
351,Jacob,Thomas,***-**-8896,MS
493,Amanda,Jones,***-**-0691,MN
599,Edward,Padilla,***-**-5222,PA
315,Debra,Best,***-**-3320,ND
577,Gregory,Roberts,***-**-4496,IN
415,Suzanne,Wheeler,***-**-2982,WI
303,Ann,Lewis,***-**-0619,MT
478,Michelle,Peterson,***-**-2154,MA
313,Adam,Thomas,***-**-1297,VA
4,Donna,Owens,***-**-6696,AL
249,Pamela,Lyons,***-**-3318,AR
649,Victor,Lopez,***-**-3964,NV
565,Matthew,Miller,***-**-3517,CO
513,Kevin,Foster,***-**-5090,WI
516,Alyssa,Stokes,***-**-2432,OH
545,Mark,Saunders,***-**-2640,VT
38,Michael,Chapman,***-**-6874,OR
309,Cole,Farrell,***-**-7973,IN
578,Michael,Estrada,***-**-2448,OH
178,Shaun,Martinez,***-**-5793,NC
359,Victoria,Moon,***-**-8604,AZ
278,Brian,Peters,***-**-3701,HI
292,Jose,Gonzalez,***-**-9797,MD
87,John,Paul,***-**-7180,KY
286,Stephanie,Smith,***-**-1286,NH
221,Lisa,Wilson,***-**-6950,AZ
524,Cody,Duran,***-**-6706,NM
453,Ann,Johnson,***-**-9046,NE
468,Paula,Hernandez,***-**-2951,CA
444,Patrick,Barber,***-**-9891,NY
350,Dennis,Alvarado,***-**-4378,MT
462,David,Peterson,***-**-7312,LA
66,Tina,Williams,***-**-7775,OR
495,Bridget,Koch,***-**-9714,WY
586,Adrian,Hernandez,***-**-5101,NE
457,Andrea,Potter,***-**-6384,NH
392,David,Williams,***-**-6350,MA
202,Katherine,Wright,***-**-3109,AR
467,Kevin,Taylor,***-**-2293,NH
627,Latoya,Mitchell,***-**-3607,ME
367,Tricia,Smith,***-**-7866,CA
244,David,Miles,***-**-2657,MI
620,Gina,Hoffman,***-**-4213,UT
642,Tamara,Whitney,***-**-9208,MO
427,John,Garcia,***-**-3993,TX
539,Craig,Nunez,***-**-6566,DE
98,Desiree,Ross,***-**-2608,MS
324,Samantha,Ramirez,***-**-7086,MD
589,David,Patton,***-**-9705,PA
339,Caroline,Lopez,***-**-1325,OK
645,Karen,Malone,***-**-5442,CO
355,Daniel,Wright,***-**-3803,FL
541,Brent,Miller,***-**-9692,HI
360,Mitchell,Meyer,***-**-7666,RI
39,Annette,Flores,***-**-3196,NE
305,Wendy,Hendrix,***-**-6634,WY
474,Alexis,Cross,***-**-3694,MN
571,Jeffrey,Jones,***-**-1822,SD
372,Jessica,Walsh,***-**-2907,RI
559,Sherry,Henderson,***-**-3768,FL
521,Jennifer,Johnson,***-**-3102,OK
583,Scott,Ellison,***-**-8653,NH
329,Denise,Baldwin,***-**-7350,AL
201,Rebecca,James,***-**-1514,MA
276,Sean,Gonzales,***-**-8838,MO
592,Mary,Chavez,***-**-2834,PA
124,Ralph,Martinez,***-**-4024,WA
133,Thomas,Stone,***-**-8227,DE
314,Christopher,Anderson,***-**-1835,NC
562,Allison,Garcia,***-**-0105,LA
125,Charles,Hall,***-**-7617,PA
625,Lawrence,Roach,***-**-2080,KY
312,Christopher,Dougherty,***-**-0986,AL
90,William,Small,***-**-0642,CO
236,Samuel,May,***-**-0970,NJ
601,Brian,Lopez,***-**-7558,DE
326,Amanda,Clark,***-**-5043,MN
264,Cody,Taylor,***-**-3700,SD
248,Sherry,Love,***-**-8685,OR
485,Christine,Stone,***-**-6503,KS
54,Kristy,Diaz,***-**-1032,IA
2,Amy,Long,***-**-7292,FL
298,Haley,Myers,***-**-0757,MD
99,Michael,Holden,***-**-7951,IN
186,Kelly,Ferrell,***-**-2299,NH
593,Rachel,Valdez,***-**-0852,UT
557,Kristine,Roberson,***-**-0956,MN
375,Vincent,Watson,***-**-8997,RI
460,Elizabeth,Bailey,***-**-7230,MI
496,Mark,Mcmillan,***-**-2503,MI
487,Sheri,Long,***-**-5166,OH
469,Daniel,Mccall,***-**-5314,NE
340,Dawn,Malone,***-**-2070,TN
363,Evan,Romero,***-**-3334,NM
108,Paul,Adams,***-**-5765,WV
357,Tracy,Holt,***-**-1413,AK
293,Charles,Wheeler,***-**-5781,CA
604,Ashley,Harris,***-**-7070,IL
7,Roberto,Schmidt,***-**-1763,AL
94,Margaret,Barton,***-**-0973,ID
227,Michelle,Diaz,***-**-4889,ID
486,Mike,Duncan,***-**-8115,MD
613,Alexandra,Thomas,***-**-6760,SD
603,Mark,Murillo,***-**-9915,MI
332,Carol,Dyer,***-**-5545,HI
587,Daniel,Williams,***-**-9146,NH
602,Sandra,Suarez,***-**-9548,GA
398,Sarah,Hamilton,***-**-3104,ND
148,Sydney,Floyd,***-**-0722,CT
223,Jonathan,Hall,***-**-6672,NE
574,Jennifer,Kim,***-**-9504,MN
588,Kenneth,Sanchez,***-**-8921,CA
157,Joseph,Carroll,***-**-5984,ND
175,Jennifer,Arnold,***-**-4368,AL
473,David,Le,***-**-5444,MI
29,Jeffrey,Clark,***-**-0316,MO
334,Jeffery,Reed,***-**-6338,NJ
465,Laura,Kim,***-**-3606,PA
92,Derek,Obrien,***-**-6123,NH
470,Brooke,Bishop,***-**-4107,CA
128,Peter,Miles,***-**-3367,WA
77,Alex,Owen,***-**-9252,AL
530,Michael,Fowler,***-**-3995,TN
270,Katherine,Rose,***-**-0446,MN
251,Daniel,Waller,***-**-0011,KY
277,Ronald,Johnson,***-**-8871,DE
346,Austin,Gutierrez,***-**-0203,VT
238,Brandon,Chang,***-**-6687,AL
143,Alexander,Murphy,***-**-0664,UT
461,Stephanie,Mendoza,***-**-8308,VT
5,Gregory,Moore,***-**-6226,MA
117,Jonathan,Mendoza,***-**-0262,MD
396,Michelle,Phillips,***-**-2345,OK
517,Justin,Morgan,***-**-5133,MI
228,Michael,Hubbard,***-**-8972,CT
576,Travis,Little,***-**-6995,WY
482,Susan,Kennedy,***-**-4558,ME
611,Emily,Mcgrath,***-**-7640,CO
288,Sandra,Griffin,***-**-6533,NV
322,Jessica,Sullivan,***-**-2665,WY
93,Timothy,Mendoza,***-**-2367,NM
631,Amanda,Pearson,***-**-9832,TN
95,Jeffery,Burnett,***-**-4493,KS
225,Brian,Williams,***-**-5701,MT
386,Randy,Dorsey,***-**-0360,MO
272,Duane,Williams,***-**-8818,NV
614,Colleen,Beasley,***-**-3286,MA
262,Brian,Jackson,***-**-9597,PA
110,Cynthia,Price,***-**-6184,SD
501,Donald,Carter,***-**-5922,HI
65,Lisa,Schmitt,***-**-5980,TN
458,Dustin,Nichols,***-**-9015,NE
224,Jay,Brown,***-**-8736,TX
160,Beth,Lynch,***-**-0814,AK
259,Mary,Mitchell,***-**-3602,TX
547,Joshua,Rush,***-**-2710,GA
358,Jillian,David,***-**-4462,HI
652,Anthony,Delgado,***-**-7837,FL
49,Meghan,Wilson,***-**-4722,HI
437,Andrea,Montgomery,***-**-6315,OH
536,Megan,Gray,***-**-4006,NY
636,Sarah,Brooks,***-**-6948,AR
330,Kaylee,Clark,***-**-0753,WI
538,Joseph,Martin,***-**-5396,AR
168,Donna,Rose,***-**-1960,TN
480,Brandi,Sawyer,***-**-9334,RI
543,James,Torres,***-**-5026,DE
506,Jonathan,Malone,***-**-9942,MN
80,Christine,Williams,***-**-1974,MN
342,Christopher,Young,***-**-1343,NE
364,David,Turner,***-**-7108,IL
64,Gregory,Estes,***-**-9235,KS
156,Shannon,Vaughn,***-**-2444,AR
285,James,Mclaughlin,***-**-1088,NC
79,Michael,Brown,***-**-9682,OH
170,Jennifer,Crawford,***-**-5861,FL
561,Michelle,Carr,***-**-2759,CT
617,Andrew,Love,***-**-9696,OH
515,Anna,Bennett,***-**-6909,TN
644,William,Watts,***-**-6883,MN
450,Cynthia,Williams,***-**-5994,NY
216,Bruce,Miles,***-**-0969,IA
88,Amanda,Wilson,***-**-0767,NE
130,Joshua,Riley,***-**-4874,IN
408,Carla,Torres,***-**-7599,CT
105,Mark,Green,***-**-6893,AZ
580,Stephanie,Goodwin,***-**-5702,NC
388,Cameron,Allen,***-**-8341,ID
316,Harold,Li,***-**-2966,GA
196,Sara,Curry,***-**-1678,ID
366,Caroline,Wyatt,***-**-7063,NY
331,Nicole,Perez,***-**-1455,MT
63,Jacqueline,Garcia,***-**-8953,NC
651,Alexander,Wright,***-**-7263,MN
497,Heather,Farrell,***-**-0338,MA
14,Joseph,Fernandez,***-**-4971,IL
52,Timothy,Chandler,***-**-3897,NM
456,Gregory,Jackson,***-**-0058,WY
412,Thomas,Patterson,***-**-4561,VA
283,Timothy,Suarez,***-**-3073,WI
174,Jennifer,Jensen,***-**-4293,GA
509,Andrew,Hogan,***-**-5943,ND
254,Dale,Hartman,***-**-9502,ME
531,Jennifer,Williams,***-**-9054,OK
104,Antonio,Perez,***-**-4115,NC
549,Joshua,Hicks,***-**-4786,KS
183,Edward,Thompson,***-**-8605,OH
612,Lee,Zamora,***-**-3321,UT
492,Wyatt,Rivers,***-**-5135,KY
27,Michelle,Reeves,***-**-1066,PA
287,Joanna,Hopkins,***-**-2714,MA
584,Joseph,Mitchell,***-**-7441,VA
624,Ariel,Ray,***-**-2732,OR
53,Shawn,Murray,***-**-5217,MS
206,Jose,Spears,***-**-2675,NH
211,Caroline,Mayer,***-**-2487,WY
646,David,Weaver,***-**-2750,ME
336,Kelly,Sullivan,***-**-7284,NV
555,Kyle,Ramirez,***-**-2839,WA
560,Carrie,Davis,***-**-6558,WA
203,Catherine,Martinez,***-**-6917,NM
217,Amanda,Lewis,***-**-0504,MT
371,Katherine,Bailey,***-**-3545,WV
605,Rodney,Smith,***-**-3105,NH
337,Savannah,Saunders,***-**-2473,IA
381,Claudia,Oneal,***-**-9008,TX
508,Roy,Johnson,***-**-6344,AK
58,Michelle,Smith,***-**-6834,NV
401,Amanda,Haney,***-**-9019,IA
163,Theresa,Fletcher,***-**-0535,VA
548,Debra,Green,***-**-5376,SC
161,John,Cox,***-**-7739,OH
464,Beth,Harris,***-**-5871,RI
476,Erica,Mcconnell,***-**-0878,MA
208,Kimberly,Johnson,***-**-4304,PA
378,Kyle,Aguirre,***-**-4469,NE
654,Nicole,English,***-**-9164,HI
585,Bonnie,Turner,***-**-0208,MD
621,Maurice,Gillespie,***-**-8509,GA
300,Corey,Adams,***-**-2578,OR
640,Brett,Nelson,***-**-3049,MD
297,Melody,Nelson,***-**-1931,VA
209,James,Young,***-**-8557,ME
320,Robert,Smith,***-**-0748,MS
242,Caroline,Larson,***-**-7178,LA
258,Megan,Robinson,***-**-1601,WV
570,Shawn,Edwards,***-**-4865,LA
417,David,Evans,***-**-6773,WA
281,Julie,Price,***-**-3599,PA
436,Briana,Webster,***-**-3704,PA
441,Robin,Oconnor,***-**-0782,NH
425,Albert,Davidson,***-**-9182,CA
553,Mark,Chen,***-**-3553,WY
266,Elizabeth,Lynn,***-**-8647,MA
40,Tracy,Gonzalez,***-**-4059,WY
609,Patricia,Fletcher,***-**-2311,RI
471,Tammy,Salinas,***-**-3850,NC
307,Roger,Wright,***-**-3080,MO
353,Kelly,Castillo,***-**-7622,WA
393,Charles,Kelley,***-**-1133,OK
607,David,Johnson,***-**-9729,DE
483,David,Cervantes,***-**-0082,WA
370,Valerie,Lopez,***-**-0441,AL
273,Sarah,Hayes,***-**-8195,CT
141,Christina,Arnold,***-**-2313,NY
338,Cynthia,Bennett,***-**-7899,MD
15,Michelle,Huang,***-**-8363,UT
120,Amanda,Dodson,***-**-6056,KS
75,Jeff,Hawkins,***-**-5606,IL
115,Patrick,Taylor,***-**-5595,MO
629,Elizabeth,Howard,***-**-2641,AZ
299,Noah,White,***-**-0897,SC
498,Caroline,Jackson,***-**-4102,DE
445,Andrea,Wright,***-**-8386,OH
582,Sara,Smith,***-**-9188,TN
245,Jennifer,Rodriguez,***-**-2538,NM
129,Deanna,Terrell,***-**-5743,OK
544,Kristina,Summers,***-**-3058,OR
377,Laura,Mercado,***-**-9514,MI
155,Matthew,Kane,***-**-9385,PA
440,Tamara,White,***-**-6614,FL
550,Samantha,Thompson,***-**-9230,NY
47,John,Mcmillan,***-**-7301,NV
89,Andrea,Webb,***-**-7815,VA
145,Lori,Odonnell,***-**-2415,KS
554,Ronald,Huerta,***-**-6058,OK
523,Chelsea,Foster,***-**-4094,AK
499,Daniel,Lopez,***-**-2639,AR
37,Jonathan,Jones,***-**-7798,MN
384,Jessica,Gaines,***-**-9332,CO
514,Timothy,Morris,***-**-2962,WY
260,Donna,Campbell,***-**-2369,NV
239,Tonya,Martinez,***-**-7702,IA
420,Pamela,Moore,***-**-9532,NJ
380,Michelle,Ali,***-**-3823,KS
387,Alexander,Gibson,***-**-1036,CO
207,Jay,Smith,***-**-6315,CT
318,Teresa,Watkins,***-**-5707,NY
16,Bradley,Guzman,***-**-2817,WY
61,Rhonda,Young,***-**-2336,NE
280,Brandon,Davis,***-**-1621,AZ
13,Brandon,Farmer,***-**-2601,TX
563,Barbara,Murphy,***-**-9225,AR
569,James,King,***-**-1432,AK
575,Drew,Kelly,***-**-3264,WA
319,Virginia,Wise,***-**-8887,OR
122,Mary,Hernandez,***-**-5268,NY
520,Ryan,Russell,***-**-3828,HI
489,Amanda,Smith,***-**-3579,DE
136,Morgan,Dunn,***-**-1601,AZ
142,Kimberly,Shaw,***-**-7577,MA
250,Kathleen,Klein,***-**-3388,NM
383,Diana,Meyers,***-**-4296,TN
650,Logan,Smith,***-**-0194,MN
231,Tracy,Martin,***-**-0726,AK
431,Edwin,Martin,***-**-9168,MO
306,Kelly,Moran,***-**-0670,NV
151,Robert,Smith,***-**-2300,ID
519,Jane,Martinez,***-**-3977,AZ
172,Denise,Castillo,***-**-0042,LA
121,Jonathon,Brock,***-**-9917,CO
140,Amanda,Franco,***-**-5413,AK
48,Heather,Robinson,***-**-1929,MN
282,Kathryn,Stout,***-**-9637,IA
42,Cory,Hopkins,***-**-9491,AK
247,Ryan,Snyder,***-**-9330,MA
59,Sara,Walker,***-**-5423,NE
137,Daniel,Garcia,***-**-3001,WI
257,Paul,Evans,***-**-4302,MN
343,Elizabeth,Olson,***-**-7163,MA
195,Ann,Romero,***-**-4046,DE
268,Thomas,Jensen,***-**-3430,OH
558,Brian,Davila,***-**-3711,DE
70,Donna,Howard,***-**-7432,MS
28,Kimberly,Massey,***-**-4649,MO
132,Jeremy,Cross,***-**-4632,HI
335,Dennis,Thomas,***-**-5032,IN
349,Kenneth,Martin,***-**-4681,MI
510,Tyler,Brewer,***-**-9006,HI
36,Scott,Brooks,***-**-4958,NY
430,Derrick,Fritz,***-**-0071,IA
376,Christine,Munoz,***-**-0149,MO
226,Julie,Robbins,***-**-4571,IN
240,Rachel,Cook,***-**-9042,NM
291,Kyle,Hoffman,***-**-7692,MT
619,Nancy,Nguyen,***-**-3939,VA
424,John,Wells,***-**-3026,NH
212,Robert,Ellison,***-**-9579,NE
263,Keith,Robinson,***-**-3579,NC
443,Dennis,Osborn,***-**-3531,MA
26,Ronald,Hays,***-**-6430,TX
491,Leslie,Brown,***-**-1806,NJ
114,Maria,Chapman,***-**-7300,OK
434,Melissa,Torres,***-**-6921,NM
615,Joshua,Weaver,***-**-7030,IA
525,Crystal,Martin,***-**-0679,ME
44,Sheri,Ball,***-**-7548,AZ
475,Steven,Ritter,***-**-8004,OH
529,Linda,Krause,***-**-4382,SD
83,John,Myers,***-**-1869,NJ
275,Mark,White,***-**-7830,ID
190,Diana,Smith,***-**-3506,IL
423,Karen,Lyons,***-**-9081,OK
581,Laura,Glenn,***-**-1468,TX
177,Diana,Spence,***-**-4751,MA
573,Samantha,Farley,***-**-2351,WA
46,Kayla,Mitchell,***-**-9155,WI
17,Crystal,Myers,***-**-6532,OH
101,Brooke,Jones,***-**-2606,TN
261,John,Mueller,***-**-7849,MD
435,Karla,Rosales,***-**-1729,IL
448,Jennifer,Brown,***-**-0700,MA
597,Blake,Jimenez,***-**-3810,KS
628,Michael,Garcia,***-**-4294,IL
610,Jermaine,Quinn,***-**-1754,CA
113,Patricia,Cruz,***-**-3822,IN
235,Cameron,Mcintosh,***-**-8921,NV
21,Michelle,Brewer,***-**-6836,OK
362,Hannah,Nolan,***-**-1332,OK
368,Erica,Johnson,***-**-9413,LA
323,Jeremy,Obrien,***-**-7592,OR
