last_name,first_name,ssn,email
Fleming,Tina,619-16-7988,
,,,TinaFleming@testmail.com
Shah,Erica,164-51-7615,
,,,EricaShah@testmail.com
Ortiz,Paula,051-83-3290,
,,,PaulaOrtiz@testmail.com
Hendricks,James,776-83-2884,
,,,JamesHendricks@testmail.com
King,Lauren,197-94-2398,
,,,LaurenKing@testmail.com
Cowan,David,252-92-1832,
,,,DavidCowan@testmail.com
Burton,Andrew,296-23-6842,
,,,AndrewBurton@testmail.com
Baker,Julian,337-40-7543,
,,,JulianBaker@testmail.com
Castro,Scott,399-46-5595,
,,,ScottCastro@testmail.com
Rodriguez,Billy,014-18-2503,
,,,BillyRodriguez@testmail.com
Leblanc,Darrell,005-82-7918,
,,,DarrellLeblanc@testmail.com
Hammond,David,561-17-6312,
,,,DavidHammond@testmail.com
